{
  "best_global_step": null,
  "best_metric": null,
  "best_model_checkpoint": null,
  "epoch": 0.03937007874015748,
  "eval_steps": 500,
  "global_step": 10,
  "is_hyper_param_search": false,
  "is_local_process_zero": true,
  "is_world_process_zero": true,
  "log_history": [
    {
      "entropy": 0.9647000432014465,
      "epoch": 0.003937007874015748,
      "grad_norm": 1.921875,
      "learning_rate": 5e-05,
      "logits/chosen": -0.8330015155461143,
      "logits/rejected": -1.3233146068962411,
      "logps/chosen": -191.70518493652344,
      "logps/rejected": -181.93630599975586,
      "loss": 0.6931471824645996,
      "mean_token_accuracy": 0.6908484250307083,
      "num_tokens": 1063.0,
      "rewards/accuracies": 0.0,
      "rewards/chosen": 0.0,
      "rewards/margins": 0.0,
      "rewards/rejected": 0.0,
      "step": 1
    },
    {
      "entropy": 0.9126701951026917,
      "epoch": 0.007874015748031496,
      "grad_norm": 2.171875,
      "learning_rate": 4.5e-05,
      "logits/chosen": -0.6109789509908932,
      "logits/rejected": -0.7816341548202079,
      "logps/chosen": -213.61639785766602,
      "logps/rejected": -193.33252716064453,
      "loss": 0.6861109733581543,
      "mean_token_accuracy": 0.7052977234125137,
      "num_tokens": 2167.0,
      "rewards/accuracies": 0.75,
      "rewards/chosen": 0.04046173021197319,
      "rewards/margins": 0.014366912189871073,
      "rewards/rejected": 0.026094818487763405,
      "step": 2
    },
    {
      "entropy": 0.9102552682161331,
      "epoch": 0.011811023622047244,
      "grad_norm": 2.5625,
      "learning_rate": 4e-05,
      "logits/chosen": -0.8826428766933928,
      "logits/rejected": -1.1390188483424213,
      "logps/chosen": -179.16899490356445,
      "logps/rejected": -157.28569412231445,
      "loss": 0.6731840372085571,
      "mean_token_accuracy": 0.72184818983078,
      "num_tokens": 3253.0,
      "rewards/accuracies": 0.75,
      "rewards/chosen": 0.027509307488799095,
      "rewards/margins": 0.04062995919957757,
      "rewards/rejected": -0.013120651245117188,
      "step": 3
    },
    {
      "entropy": 0.8683741688728333,
      "epoch": 0.015748031496062992,
      "grad_norm": 2.59375,
      "learning_rate": 3.5e-05,
      "logits/chosen": -0.8426452928152559,
      "logits/rejected": -1.3337164736184812,
      "logps/chosen": -207.0811882019043,
      "logps/rejected": -177.24858474731445,
      "loss": 0.7010223865509033,
      "mean_token_accuracy": 0.6728061735630035,
      "num_tokens": 4361.0,
      "rewards/accuracies": 0.5,
      "rewards/chosen": 0.035702514462172985,
      "rewards/margins": -0.014548491686582565,
      "rewards/rejected": 0.050251007080078125,
      "step": 4
    },
    {
      "entropy": 0.945838674902916,
      "epoch": 0.01968503937007874,
      "grad_norm": 2.03125,
      "learning_rate": 3e-05,
      "logits/chosen": -0.8992191991764745,
      "logits/rejected": -0.7798268652722912,
      "logps/chosen": -181.17548370361328,
      "logps/rejected": -148.33503913879395,
      "loss": 0.6988340616226196,
      "mean_token_accuracy": 0.6877976357936859,
      "num_tokens": 5355.0,
      "rewards/accuracies": 0.5,
      "rewards/chosen": 0.03850936971139163,
      "rewards/margins": -0.010444066021591425,
      "rewards/rejected": 0.04895343683892861,
      "step": 5
    },
    {
      "entropy": 0.8505158722400665,
      "epoch": 0.023622047244094488,
      "grad_norm": 2.359375,
      "learning_rate": 2.5e-05,
      "logits/chosen": -0.8536485122599846,
      "logits/rejected": -1.1934781783462491,
      "logps/chosen": -189.39234161376953,
      "logps/rejected": -160.0742416381836,
      "loss": 0.6628042459487915,
      "mean_token_accuracy": 0.7167018800973892,
      "num_tokens": 6425.0,
      "rewards/accuracies": 1.0,
      "rewards/chosen": 0.027287674136459827,
      "rewards/margins": 0.06189842242747545,
      "rewards/rejected": -0.03461074852384627,
      "step": 6
    },
    {
      "entropy": 0.9095017313957214,
      "epoch": 0.027559055118110236,
      "grad_norm": 2.234375,
      "learning_rate": 2e-05,
      "logits/chosen": -0.6683295962601182,
      "logits/rejected": -0.7389629409398791,
      "logps/chosen": -184.2498435974121,
      "logps/rejected": -164.64794158935547,
      "loss": 0.7024699449539185,
      "mean_token_accuracy": 0.7259372472763062,
      "num_tokens": 7457.0,
      "rewards/accuracies": 0.25,
      "rewards/chosen": 0.0640651707071811,
      "rewards/margins": -0.018280791118741035,
      "rewards/rejected": 0.08234596252441406,
      "step": 7
    },
    {
      "entropy": 0.9820925742387772,
      "epoch": 0.031496062992125984,
      "grad_norm": 2.078125,
      "learning_rate": 1.5e-05,
      "logits/chosen": -0.7342322159717505,
      "logits/rejected": -0.8192788000927316,
      "logps/chosen": -209.47172927856445,
      "logps/rejected": -175.59107971191406,
      "loss": 0.7344781756401062,
      "mean_token_accuracy": 0.679743766784668,
      "num_tokens": 8590.0,
      "rewards/accuracies": 0.0,
      "rewards/chosen": -0.006772994063794613,
      "rewards/margins": -0.07975578447803855,
      "rewards/rejected": 0.07298278948292136,
      "step": 8
    },
    {
      "entropy": 1.0109336972236633,
      "epoch": 0.03543307086614173,
      "grad_norm": 2.578125,
      "learning_rate": 1e-05,
      "logits/chosen": -0.34702388015297153,
      "logits/rejected": -0.7576483988559718,
      "logps/chosen": -251.95575332641602,
      "logps/rejected": -199.59542083740234,
      "loss": 0.7014949321746826,
      "mean_token_accuracy": 0.6977744251489639,
      "num_tokens": 9763.0,
      "rewards/accuracies": 0.5,
      "rewards/chosen": -0.030635453993454576,
      "rewards/margins": -0.016204072162508965,
      "rewards/rejected": -0.01443138113245368,
      "step": 9
    },
    {
      "entropy": 0.9249553233385086,
      "epoch": 0.03937007874015748,
      "grad_norm": 3.515625,
      "learning_rate": 5e-06,
      "logits/chosen": -0.6908619665021185,
      "logits/rejected": -1.127969436738395,
      "logps/chosen": -211.72915267944336,
      "logps/rejected": -177.01968002319336,
      "loss": 0.689650297164917,
      "mean_token_accuracy": 0.6956830620765686,
      "num_tokens": 10894.0,
      "rewards/accuracies": 0.5,
      "rewards/chosen": -0.03910865867510438,
      "rewards/margins": 0.007078554481267929,
      "rewards/rejected": -0.04618721269071102,
      "step": 10
    }
  ],
  "logging_steps": 1,
  "max_steps": 10,
  "num_input_tokens_seen": 0,
  "num_train_epochs": 1,
  "save_steps": 500,
  "stateful_callbacks": {
    "TrainerControl": {
      "args": {
        "should_epoch_stop": false,
        "should_evaluate": false,
        "should_log": false,
        "should_save": true,
        "should_training_stop": true
      },
      "attributes": {}
    }
  },
  "total_flos": 89387078615040.0,
  "train_batch_size": 1,
  "trial_name": null,
  "trial_params": null
}
